https://www.linkedin.com/in/davidongchoco/details/interests/?detailScreenTabIndex=1,LinkedIn,2025-06-09
https://www.linkedin.com/in/davidongchoco/details/interests/?detailScreenTabIndex=1,"30,993,545 followers",2025-06-09
https://www.linkedin.com/in/davidongchoco/details/interests/?detailScreenTabIndex=1,Cognizant,2025-06-09
https://www.linkedin.com/in/davidongchoco/details/interests/?detailScreenTabIndex=1,"8,139,564 followers",2025-06-09
https://www.linkedin.com/in/davidongchoco/details/interests/?detailScreenTabIndex=1,University of Pennsylvania,2025-06-09
https://www.linkedin.com/in/davidongchoco/details/interests/?detailScreenTabIndex=1,"543,371 followers",2025-06-09
https://www.linkedin.com/in/davidongchoco/details/interests/?detailScreenTabIndex=1,Inc. Magazine,2025-06-09
https://www.linkedin.com/in/davidongchoco/details/interests/?detailScreenTabIndex=1,"3,024,578 followers",2025-06-09
https://www.linkedin.com/in/davidongchoco/details/interests/?detailScreenTabIndex=1,Sequoia Capital,2025-06-09
https://www.linkedin.com/in/davidongchoco/details/interests/?detailScreenTabIndex=1,"766,888 followers",2025-06-09
https://www.linkedin.com/in/davidongchoco/details/interests/?detailScreenTabIndex=1,Mozilla,2025-06-09
https://www.linkedin.com/in/davidongchoco/details/interests/?detailScreenTabIndex=1,"425,970 followers",2025-06-09
https://www.linkedin.com/in/davidongchoco/details/interests/?detailScreenTabIndex=1,Bessemer Venture Partners,2025-06-09
https://www.linkedin.com/in/davidongchoco/details/interests/?detailScreenTabIndex=1,"199,738 followers",2025-06-09
https://www.linkedin.com/in/davidongchoco/details/interests/?detailScreenTabIndex=1,Philippine Daily Inquirer,2025-06-09
https://www.linkedin.com/in/davidongchoco/details/interests/?detailScreenTabIndex=1,"16,504 followers",2025-06-09
https://www.linkedin.com/in/davidongchoco/details/interests/?detailScreenTabIndex=1,SEO (Sponsors for Educational Opportunity),2025-06-09
https://www.linkedin.com/in/davidongchoco/details/interests/?detailScreenTabIndex=1,"58,580 followers",2025-06-09
https://www.linkedin.com/in/davidongchoco/details/interests/?detailScreenTabIndex=1,HuffPost,2025-06-09
https://www.linkedin.com/in/davidongchoco/details/interests/?detailScreenTabIndex=1,"512,349 followers",2025-06-09
https://www.linkedin.com/in/davidongchoco/details/interests/?detailScreenTabIndex=1,City of Antioch,2025-06-09
https://www.linkedin.com/in/davidongchoco/details/interests/?detailScreenTabIndex=1,"1,563 followers",2025-06-09
https://www.linkedin.com/in/davidongchoco/details/interests/?detailScreenTabIndex=1,Y Combinator,2025-06-09
https://www.linkedin.com/in/davidongchoco/details/interests/?detailScreenTabIndex=1,"1,338,123 followers",2025-06-09
https://www.linkedin.com/in/davidongchoco/details/interests/?detailScreenTabIndex=1,Airship,2025-06-09
https://www.linkedin.com/in/davidongchoco/details/interests/?detailScreenTabIndex=1,"20,952 followers",2025-06-09
https://www.linkedin.com/in/davidongchoco/details/interests/?detailScreenTabIndex=1,Dreamit Ventures,2025-06-09
https://www.linkedin.com/in/davidongchoco/details/interests/?detailScreenTabIndex=1,"13,744 followers",2025-06-09
https://www.linkedin.com/in/davidongchoco/details/interests/?detailScreenTabIndex=1,True Ventures,2025-06-09
https://www.linkedin.com/in/davidongchoco/details/interests/?detailScreenTabIndex=1,"20,327 followers",2025-06-09
https://www.linkedin.com/in/davidongchoco/details/interests/?detailScreenTabIndex=1,Square,2025-06-09
https://www.linkedin.com/in/davidongchoco/details/interests/?detailScreenTabIndex=1,"624,240 followers",2025-06-09
https://www.linkedin.com/in/davidongchoco/details/interests/?detailScreenTabIndex=1,Learn Capital,2025-06-09
https://www.linkedin.com/in/davidongchoco/details/interests/?detailScreenTabIndex=1,"9,522 followers",2025-06-09
https://www.linkedin.com/in/davidongchoco/details/interests/?detailScreenTabIndex=1,Influenster,2025-06-09
https://www.linkedin.com/in/davidongchoco/details/interests/?detailScreenTabIndex=1,"12,353 followers",2025-06-09
https://www.linkedin.com/in/davidongchoco/details/interests/?detailScreenTabIndex=1,Technical.ly,2025-06-09
https://www.linkedin.com/in/davidongchoco/details/interests/?detailScreenTabIndex=1,"9,953 followers",2025-06-09
https://www.linkedin.com/in/davidongchoco/details/interests/?detailScreenTabIndex=1,MentorTech Ventures,2025-06-09
https://www.linkedin.com/in/davidongchoco/details/interests/?detailScreenTabIndex=1,248 followers,2025-06-09
https://www.linkedin.com/in/davidongchoco/details/interests/?detailScreenTabIndex=1,College Admissions Mentors for Peers in the Philippines,2025-06-09
https://www.linkedin.com/in/davidongchoco/details/interests/?detailScreenTabIndex=1,264 followers,2025-06-09
https://www.linkedin.com/in/davidongchoco/details/interests/?detailScreenTabIndex=1,Teach for the Philippines,2025-06-09
https://www.linkedin.com/in/davidongchoco/details/interests/?detailScreenTabIndex=1,"5,898 followers",2025-06-09
https://www.linkedin.com/in/davidongchoco/details/interests/?detailScreenTabIndex=1,Kickstart Ventures,2025-06-09
https://www.linkedin.com/in/davidongchoco/details/interests/?detailScreenTabIndex=1,"6,311 followers",2025-06-09
https://www.linkedin.com/in/davidongchoco/details/interests/?detailScreenTabIndex=1,Xavier School,2025-06-09
https://www.linkedin.com/in/davidongchoco/details/interests/?detailScreenTabIndex=1,"3,604 followers",2025-06-09
https://www.linkedin.com/in/davidongchoco/details/interests/?detailScreenTabIndex=1,Dorm Room Fund,2025-06-09
https://www.linkedin.com/in/davidongchoco/details/interests/?detailScreenTabIndex=1,"18,680 followers",2025-06-09
https://www.linkedin.com/in/davidongchoco/details/interests/?detailScreenTabIndex=1,BDG,2025-06-09
https://www.linkedin.com/in/davidongchoco/details/interests/?detailScreenTabIndex=1,"54,430 followers",2025-06-09
https://www.linkedin.com/in/davidongchoco/details/interests/?detailScreenTabIndex=1,Amplitude,2025-06-09
https://www.linkedin.com/in/davidongchoco/details/interests/?detailScreenTabIndex=1,"90,961 followers",2025-06-09
https://www.linkedin.com/in/davidongchoco/details/interests/?detailScreenTabIndex=1,Alchemist Accelerator,2025-06-09
https://www.linkedin.com/in/davidongchoco/details/interests/?detailScreenTabIndex=1,"18,466 followers",2025-06-09
https://www.linkedin.com/in/davidongchoco/details/interests/?detailScreenTabIndex=1,Ycenter,2025-06-09
https://www.linkedin.com/in/davidongchoco/details/interests/?detailScreenTabIndex=1,"1,439 followers",2025-06-09
https://www.linkedin.com/in/davidongchoco/details/interests/?detailScreenTabIndex=1,Inc. Magazine,2025-06-09
https://www.linkedin.com/in/davidongchoco/details/interests/?detailScreenTabIndex=1,"25,568 followers",2025-06-09
https://www.linkedin.com/in/davidongchoco/details/interests/?detailScreenTabIndex=1,YouthHack,2025-06-09
https://www.linkedin.com/in/davidongchoco/details/interests/?detailScreenTabIndex=1,188 followers,2025-06-09
https://www.linkedin.com/in/davidongchoco/details/interests/?detailScreenTabIndex=1,"JoyRun, Inc",2025-06-09
https://www.linkedin.com/in/davidongchoco/details/interests/?detailScreenTabIndex=1,"3,482 followers",2025-06-09
https://www.linkedin.com/in/davidongchoco/details/interests/?detailScreenTabIndex=1,Twine Labs,2025-06-09
https://www.linkedin.com/in/davidongchoco/details/interests/?detailScreenTabIndex=1,"1,447 followers",2025-06-09
https://www.linkedin.com/in/davidongchoco/details/interests/?detailScreenTabIndex=1,Loop,2025-06-09
https://www.linkedin.com/in/davidongchoco/details/interests/?detailScreenTabIndex=1,"32,849 followers",2025-06-09
https://www.linkedin.com/in/davidongchoco/details/interests/?detailScreenTabIndex=1,Wharton Alumni Angels,2025-06-09
https://www.linkedin.com/in/davidongchoco/details/interests/?detailScreenTabIndex=1,"3,165 followers",2025-06-09
https://www.linkedin.com/in/davidongchoco/details/interests/?detailScreenTabIndex=1,Refractive Ventures,2025-06-09
https://www.linkedin.com/in/davidongchoco/details/interests/?detailScreenTabIndex=1,13 followers,2025-06-09
https://www.linkedin.com/in/davidongchoco/details/interests/?detailScreenTabIndex=1,Britive,2025-06-09
https://www.linkedin.com/in/davidongchoco/details/interests/?detailScreenTabIndex=1,"6,798 followers",2025-06-09
https://www.linkedin.com/in/davidongchoco/details/interests/?detailScreenTabIndex=1,Census - a Fivetran company,2025-06-09
https://www.linkedin.com/in/davidongchoco/details/interests/?detailScreenTabIndex=1,"13,918 followers",2025-06-09
https://www.linkedin.com/in/davidongchoco/details/interests/?detailScreenTabIndex=1,Wayflyer,2025-06-09
https://www.linkedin.com/in/davidongchoco/details/interests/?detailScreenTabIndex=1,"25,851 followers",2025-06-09
https://www.linkedin.com/in/davidongchoco/details/interests/?detailScreenTabIndex=1,Experience Lab ,2025-06-09
https://www.linkedin.com/in/davidongchoco/details/interests/?detailScreenTabIndex=1, ,2025-06-09
https://www.linkedin.com/in/davidongchoco/details/interests/?detailScreenTabIndex=1, ,2025-06-09
https://www.linkedin.com/in/davidongchoco/details/interests/?detailScreenTabIndex=1,569 followers,2025-06-09
https://www.linkedin.com/in/davidongchoco/details/interests/?detailScreenTabIndex=1,Mutiny,2025-06-09
https://www.linkedin.com/in/davidongchoco/details/interests/?detailScreenTabIndex=1,"19,834 followers",2025-06-09
https://www.linkedin.com/in/davidongchoco/details/interests/?detailScreenTabIndex=1,Pipe,2025-06-09
https://www.linkedin.com/in/davidongchoco/details/interests/?detailScreenTabIndex=1,"26,588 followers",2025-06-09
https://www.linkedin.com/in/davidongchoco/details/interests/?detailScreenTabIndex=1,Influur,2025-06-09
https://www.linkedin.com/in/davidongchoco/details/interests/?detailScreenTabIndex=1,"35,299 followers",2025-06-09
https://www.linkedin.com/in/davidongchoco/details/interests/?detailScreenTabIndex=1,Viable,2025-06-09
https://www.linkedin.com/in/davidongchoco/details/interests/?detailScreenTabIndex=1,"1,544 followers",2025-06-09
https://www.linkedin.com/in/davidongchoco/details/interests/?detailScreenTabIndex=1,Expedock,2025-06-09
https://www.linkedin.com/in/davidongchoco/details/interests/?detailScreenTabIndex=1,"5,812 followers",2025-06-09
https://www.linkedin.com/in/davidongchoco/details/interests/?detailScreenTabIndex=1,Incremental,2025-06-09
https://www.linkedin.com/in/davidongchoco/details/interests/?detailScreenTabIndex=1,"4,511 followers",2025-06-09
https://www.linkedin.com/in/davidongchoco/details/interests/?detailScreenTabIndex=1,Comma Capital,2025-06-09
https://www.linkedin.com/in/davidongchoco/details/interests/?detailScreenTabIndex=1,"1,648 followers",2025-06-09
https://www.linkedin.com/in/davidongchoco/details/interests/?detailScreenTabIndex=1,Airplane,2025-06-09
https://www.linkedin.com/in/davidongchoco/details/interests/?detailScreenTabIndex=1,"3,435 followers",2025-06-09
https://www.linkedin.com/in/davidongchoco/details/interests/?detailScreenTabIndex=1,Rutter,2025-06-09
https://www.linkedin.com/in/davidongchoco/details/interests/?detailScreenTabIndex=1,"6,248 followers",2025-06-09
https://www.linkedin.com/in/davidongchoco/details/interests/?detailScreenTabIndex=1,Medcase,2025-06-09
https://www.linkedin.com/in/davidongchoco/details/interests/?detailScreenTabIndex=1,"6,924 followers",2025-06-09
https://www.linkedin.com/in/davidongchoco/details/interests/?detailScreenTabIndex=1,HeadsUp (acquired by Hightouch),2025-06-09
https://www.linkedin.com/in/davidongchoco/details/interests/?detailScreenTabIndex=1,"2,669 followers",2025-06-09
https://www.linkedin.com/in/davidongchoco/details/interests/?detailScreenTabIndex=1,Mentaya,2025-06-09
https://www.linkedin.com/in/davidongchoco/details/interests/?detailScreenTabIndex=1,615 followers,2025-06-09
https://www.linkedin.com/in/davidongchoco/details/interests/?detailScreenTabIndex=1,OneSchema,2025-06-09
https://www.linkedin.com/in/davidongchoco/details/interests/?detailScreenTabIndex=1,"3,421 followers",2025-06-09
https://www.linkedin.com/in/davidongchoco/details/interests/?detailScreenTabIndex=1,Gynger,2025-06-09
https://www.linkedin.com/in/davidongchoco/details/interests/?detailScreenTabIndex=1,"6,325 followers",2025-06-09
https://www.linkedin.com/in/davidongchoco/details/interests/?detailScreenTabIndex=1,Climate Draft,2025-06-09
https://www.linkedin.com/in/davidongchoco/details/interests/?detailScreenTabIndex=1,"15,581 followers",2025-06-09
https://www.linkedin.com/in/davidongchoco/details/interests/?detailScreenTabIndex=1,Inngest,2025-06-09
https://www.linkedin.com/in/davidongchoco/details/interests/?detailScreenTabIndex=1,"1,238 followers",2025-06-09
https://www.linkedin.com/in/davidongchoco/details/interests/?detailScreenTabIndex=1,Champify,2025-06-09
https://www.linkedin.com/in/davidongchoco/details/interests/?detailScreenTabIndex=1,"5,420 followers",2025-06-09
https://www.linkedin.com/in/davidongchoco/details/interests/?detailScreenTabIndex=1,Conductor,2025-06-09
https://www.linkedin.com/in/davidongchoco/details/interests/?detailScreenTabIndex=1,204 followers,2025-06-09
https://www.linkedin.com/in/davidongchoco/details/interests/?detailScreenTabIndex=1,Vessel (YC W22),2025-06-09
https://www.linkedin.com/in/davidongchoco/details/interests/?detailScreenTabIndex=1,899 followers,2025-06-09
https://www.linkedin.com/in/davidongchoco/details/interests/?detailScreenTabIndex=1,Cotera,2025-06-09
https://www.linkedin.com/in/davidongchoco/details/interests/?detailScreenTabIndex=1,"2,901 followers",2025-06-09
https://www.linkedin.com/in/davidongchoco/details/interests/?detailScreenTabIndex=1,Plenty,2025-06-09
https://www.linkedin.com/in/davidongchoco/details/interests/?detailScreenTabIndex=1,"2,958 followers",2025-06-09
https://www.linkedin.com/in/davidongchoco/details/interests/?detailScreenTabIndex=1,Agent Astra,2025-06-09
https://www.linkedin.com/in/davidongchoco/details/interests/?detailScreenTabIndex=1,759 followers,2025-06-09
https://www.linkedin.com/in/davidongchoco/details/interests/?detailScreenTabIndex=1,Parallax (withparallax.com),2025-06-09
https://www.linkedin.com/in/davidongchoco/details/interests/?detailScreenTabIndex=1,"1,331 followers",2025-06-09
https://www.linkedin.com/in/davidongchoco/details/interests/?detailScreenTabIndex=1,Overjoy,2025-06-09
https://www.linkedin.com/in/davidongchoco/details/interests/?detailScreenTabIndex=1,322 followers,2025-06-09
https://www.linkedin.com/in/davidongchoco/details/interests/?detailScreenTabIndex=1,Neon,2025-06-09
https://www.linkedin.com/in/davidongchoco/details/interests/?detailScreenTabIndex=1,"2,253 followers",2025-06-09
https://www.linkedin.com/in/davidongchoco/details/interests/?detailScreenTabIndex=1,Flipturn,2025-06-09
https://www.linkedin.com/in/davidongchoco/details/interests/?detailScreenTabIndex=1,"3,119 followers",2025-06-09
https://www.linkedin.com/in/davidongchoco/details/interests/?detailScreenTabIndex=1,Pylon,2025-06-09
https://www.linkedin.com/in/davidongchoco/details/interests/?detailScreenTabIndex=1,"19,973 followers",2025-06-09
https://www.linkedin.com/in/davidongchoco/details/interests/?detailScreenTabIndex=1,CodeComplete AI,2025-06-09
https://www.linkedin.com/in/davidongchoco/details/interests/?detailScreenTabIndex=1,455 followers,2025-06-09
https://www.linkedin.com/in/davidongchoco/details/interests/?detailScreenTabIndex=1,Procure.FYI,2025-06-09
https://www.linkedin.com/in/davidongchoco/details/interests/?detailScreenTabIndex=1,336 followers,2025-06-09
https://www.linkedin.com/in/davidongchoco/details/interests/?detailScreenTabIndex=1,Online Marketing,2025-06-09
https://www.linkedin.com/in/davidongchoco/details/interests/?detailScreenTabIndex=1,"628,738 followers",2025-06-09
https://www.linkedin.com/in/davidongchoco/details/interests/?detailScreenTabIndex=1,Search Engine Optimization (SEO),2025-06-09
https://www.linkedin.com/in/davidongchoco/details/interests/?detailScreenTabIndex=1,"638,360 followers",2025-06-09
https://www.linkedin.com/in/davidongchoco/details/interests/?detailScreenTabIndex=1,Entrepreneurship,2025-06-09
https://www.linkedin.com/in/davidongchoco/details/interests/?detailScreenTabIndex=1,"551,939 followers",2025-06-09
https://www.linkedin.com/in/davidongchoco/details/interests/?detailScreenTabIndex=1,Marketing,2025-06-09
https://www.linkedin.com/in/davidongchoco/details/interests/?detailScreenTabIndex=1,"3,462,423 followers",2025-06-09
https://www.linkedin.com/in/davidongchoco/details/interests/?detailScreenTabIndex=1,Start-ups,2025-06-09
https://www.linkedin.com/in/davidongchoco/details/interests/?detailScreenTabIndex=1,"568,633 followers",2025-06-09
https://www.linkedin.com/in/davidongchoco/details/interests/?detailScreenTabIndex=1,Cassidy,2025-06-09
https://www.linkedin.com/in/davidongchoco/details/interests/?detailScreenTabIndex=1,"6,948 followers",2025-06-09
https://www.linkedin.com/in/davidongchoco/details/interests/?detailScreenTabIndex=1,Quanta,2025-06-09
https://www.linkedin.com/in/davidongchoco/details/interests/?detailScreenTabIndex=1,"1,546 followers",2025-06-09
https://www.linkedin.com/in/davidongchoco/details/interests/?detailScreenTabIndex=1,LM Studio,2025-06-09
https://www.linkedin.com/in/davidongchoco/details/interests/?detailScreenTabIndex=1,"7,012 followers",2025-06-09
https://www.linkedin.com/in/davidongchoco/details/interests/?detailScreenTabIndex=1,Amigo,2025-06-09
https://www.linkedin.com/in/davidongchoco/details/interests/?detailScreenTabIndex=1,"2,070 followers",2025-06-09
https://www.linkedin.com/in/davidongchoco/details/interests/?detailScreenTabIndex=1,TECH WEEK by a16z,2025-06-09
https://www.linkedin.com/in/davidongchoco/details/interests/?detailScreenTabIndex=1,"20,840 followers",2025-06-09
https://www.linkedin.com/in/davidongchoco/details/interests/?detailScreenTabIndex=1,OpenSesame,2025-06-09
https://www.linkedin.com/in/davidongchoco/details/interests/?detailScreenTabIndex=1,"1,393 followers",2025-06-09
